id,rating,timestamp,user,book,text
1,2,2021-09-04 09:29:14,ycattermole10,30128855,"Fusce posuere felis sed lacus. Morbi sem mauris, laoreet ut, rhoncus aliquet, pulvinar sed, nisl."
2,5,2020-12-30 19:15:24,gpele2n,11827783,"Morbi vestibulum, velit id pretium iaculis, diam erat fermentum justo, nec condimentum neque sapien placerat ante. Nulla justo."
3,3,2021-05-19 14:36:55,lfeitosao,23272155,Phasellus sit amet erat. Nulla tempus.
4,1,2021-01-09 00:28:26,mgonning2r,27036537,Duis consequat dui nec nisi volutpat eleifend.
5,5,2021-06-04 07:05:12,iglaysher9,18955715,Vestibulum rutrum rutrum neque.
6,2,2021-01-17 20:50:03,goheagertie8,13571772,Ut at dolor quis odio consequat varius. Integer ac leo. Pellentesque ultrices mattis odio.
7,1,2020-10-18 15:14:28,jfancourt1g,707611,"Donec semper sapien a libero. Nam dui. Proin leo odio, porttitor id, consequat in, consequat ut, nulla."
8,2,2021-01-13 10:50:50,cskully6,2168737,Curabitur gravida nisi at nibh.
9,4,2020-12-18 21:58:24,lfeitosao,13340336,Nulla ut erat id mauris vulputate elementum.
10,3,2021-02-03 19:03:25,fleguay1,17405342,Phasellus sit amet erat. Nulla tempus. Vivamus in felis eu sapien cursus vestibulum.
11,3,2020-10-08 14:20:40,abingham16,30128855,Proin interdum mauris non ligula pellentesque ultrices. Phasellus id sapien in sapien iaculis congue.
12,2,2021-02-07 12:05:17,wosband18,30128855,Nulla mollis molestie lorem. Quisque ut erat.
13,4,2021-01-29 21:25:03,svonbrook1d,2168737,"Vestibulum quam sapien, varius ut, blandit non, interdum in, ante. Vestibulum ante ipsum primis in faucibus orci luctus et ultrices posuere cubilia Curae; Duis faucibus accumsan odio."
14,5,2021-05-27 01:02:07,rpeeri,12349663,Duis bibendum. Morbi non quam nec dui luctus rutrum. Nulla tellus.
15,4,2021-02-03 20:56:31,idoelle26,11827783,Curabitur convallis.
16,1,2020-12-29 12:03:03,egipsonf,25742454,Sed ante.
17,4,2020-11-29 04:09:59,smacgebenay1s,707611,Aenean sit amet justo.
18,2,2021-08-01 08:51:18,nbeneytoj,707611,Praesent blandit.
19,3,2021-07-21 04:56:12,ldewinge,13571772,Phasellus in felis. Donec semper sapien a libero.
20,2,2021-01-28 08:45:13,cpetican1n,17405342,"Nulla neque libero, convallis eget, eleifend luctus, ultricies eu, nibh. Quisque id justo sit amet sapien dignissim vestibulum."
21,1,2020-12-24 19:48:03,jsindallr,18955715,Curabitur gravida nisi at nibh. In hac habitasse platea dictumst.
22,2,2021-08-21 06:48:59,uwinship2i,30128855,"In tempor, turpis nec euismod scelerisque, quam turpis adipiscing lorem, vitae mattis nibh ligula nec sem. Duis aliquam convallis nunc."
23,3,2021-01-15 05:21:42,mtolcher1w,12349665,Aenean lectus. Pellentesque eget nunc.
24,3,2021-06-03 22:54:51,mrobertot7,27036537,"Donec ut mauris eget massa tempor convallis. Nulla neque libero, convallis eget, eleifend luctus, ultricies eu, nibh."
25,2,2020-10-17 06:29:24,skorejs23,27036539,"Vestibulum ante ipsum primis in faucibus orci luctus et ultrices posuere cubilia Curae; Nulla dapibus dolor vel est. Donec odio justo, sollicitudin ut, suscipit a, feugiat et, eros."
26,4,2020-10-12 21:40:23,sadolfsen25,18955715,"Nam ultrices, libero non mattis pulvinar, nulla pede ullamcorper augue, a suscipit nulla elit ac nulla. Sed vel enim sit amet nunc viverra dapibus."
27,3,2021-05-29 21:48:16,lfeitosao,13571772,"Maecenas tristique, est et tempus semper, est quam pharetra magna, ac consequat metus sapien ut nunc. Vestibulum ante ipsum primis in faucibus orci luctus et ultrices posuere cubilia Curae; Mauris viverra diam vitae quam. Suspendisse potenti."
28,3,2020-09-22 01:52:01,ldewinge,27036537,"Fusce posuere felis sed lacus. Morbi sem mauris, laoreet ut, rhoncus aliquet, pulvinar sed, nisl. Nunc rhoncus dui vel sem."
29,3,2021-01-04 01:07:13,cpetican1n,2168737,"Morbi ut odio. Cras mi pede, malesuada in, imperdiet et, commodo vulputate, justo."
30,1,2021-05-09 19:48:05,bgarrity14,27036537,"Lorem ipsum dolor sit amet, consectetuer adipiscing elit."
31,5,2021-04-15 08:12:54,wosband18,18711343,Nulla suscipit ligula in lacus. Curabitur at ipsum ac tellus semper interdum.
32,5,2020-12-13 12:45:24,vpittock2g,707611,Sed vel enim sit amet nunc viverra dapibus. Nulla suscipit ligula in lacus.
33,4,2021-08-28 03:45:39,cskully6,18711343,Nullam molestie nibh in lectus. Pellentesque at nulla.
34,4,2020-12-17 06:49:44,ogallally1q,11827783,Vestibulum ante ipsum primis in faucibus orci luctus et ultrices posuere cubilia Curae; Mauris viverra diam vitae quam.
35,5,2021-03-24 02:03:46,danchor2f,18711343,"Cum sociis natoque penatibus et magnis dis parturient montes, nascetur ridiculus mus. Etiam vel augue. Vestibulum rutrum rutrum neque."
36,1,2020-09-21 16:12:33,mlambswood29,35452242,"Donec odio justo, sollicitudin ut, suscipit a, feugiat et, eros."
37,5,2021-02-19 00:29:32,toharneyt,27036539,Vivamus in felis eu sapien cursus vestibulum. Proin eu mi.
38,1,2021-08-07 15:51:44,ycattermole10,12349665,Maecenas pulvinar lobortis est. Phasellus sit amet erat. Nulla tempus.
39,3,2020-10-17 17:10:51,sbaffordw,12349663,"Lorem ipsum dolor sit amet, consectetuer adipiscing elit. Proin interdum mauris non ligula pellentesque ultrices."
40,3,2021-08-27 22:38:14,breya,30128855,In hac habitasse platea dictumst.
41,3,2021-06-17 01:50:00,sbaffordw,30128855,"Vestibulum quam sapien, varius ut, blandit non, interdum in, ante. Vestibulum ante ipsum primis in faucibus orci luctus et ultrices posuere cubilia Curae; Duis faucibus accumsan odio."
42,3,2021-07-20 19:38:10,fcaddies1i,18711343,Aliquam quis turpis eget elit sodales scelerisque.
43,4,2020-10-12 03:11:35,lohannen1m,25742454,"Aliquam sit amet diam in magna bibendum imperdiet. Nullam orci pede, venenatis non, sodales sed, tincidunt eu, felis."
44,5,2021-04-22 23:32:14,skorejs23,30128855,"Quisque erat eros, viverra eget, congue eget, semper rutrum, nulla. Nunc purus. Phasellus in felis."
45,2,2021-02-06 02:30:12,sadolfsen25,17405342,"Nam nulla. Integer pede justo, lacinia eget, tincidunt eget, tempus vel, pede."
46,3,2021-08-28 11:40:19,mgonning2r,23272155,"Curabitur in libero ut massa volutpat convallis. Morbi odio odio, elementum eu, interdum eu, tincidunt in, leo."
47,4,2021-04-20 19:16:27,ahackworthyp,27036537,"Duis ac nibh. Fusce lacus purus, aliquet at, feugiat non, pretium quis, lectus. Suspendisse potenti."
48,3,2020-12-03 12:45:43,cskully6,13571772,"Morbi vestibulum, velit id pretium iaculis, diam erat fermentum justo, nec condimentum neque sapien placerat ante."
49,1,2020-10-03 10:54:30,aescale15,27036539,"Mauris enim leo, rhoncus sed, vestibulum sit amet, cursus id, turpis."
50,4,2020-12-05 04:53:06,jcowdreyx,23272155,"In blandit ultrices enim. Lorem ipsum dolor sit amet, consectetuer adipiscing elit."
51,5,2021-08-01 16:13:29,mstraker2m,12349663,"Quisque arcu libero, rutrum ac, lobortis vel, dapibus at, diam. Nam tristique tortor eu pede."
52,4,2021-03-27 10:33:23,hminchell2l,27036538,"Donec diam neque, vestibulum eget, vulputate ut, ultrices vel, augue. Vestibulum ante ipsum primis in faucibus orci luctus et ultrices posuere cubilia Curae; Donec pharetra, magna vestibulum aliquet ultrices, erat tortor sollicitudin mi, sit amet lobortis sapien sapien non mi."
53,4,2021-06-29 21:24:41,mrobertot7,12349665,Donec dapibus. Duis at velit eu est congue elementum.
54,1,2021-01-28 15:58:02,lpaschek4,25742454,Integer a nibh. In quis justo.
55,1,2021-07-01 13:33:45,ssinton1u,12349663,Fusce consequat. Nulla nisl. Nunc nisl.
56,4,2021-05-21 22:29:56,dravenhills2e,27036539,Curabitur convallis.
57,2,2021-02-09 11:00:13,dravenhills2e,27036537,"Donec ut dolor. Morbi vel lectus in quam fringilla rhoncus. Mauris enim leo, rhoncus sed, vestibulum sit amet, cursus id, turpis."
58,4,2020-12-27 07:29:27,djeandel17,13571772,"Cras mi pede, malesuada in, imperdiet et, commodo vulputate, justo. In blandit ultrices enim."
59,3,2021-03-24 11:13:10,rpluthero1x,23272155,"Pellentesque ultrices mattis odio. Donec vitae nisi. Nam ultrices, libero non mattis pulvinar, nulla pede ullamcorper augue, a suscipit nulla elit ac nulla."
60,2,2021-03-29 16:09:09,tsteinhammer13,27036538,Donec quis orci eget orci vehicula condimentum.
61,1,2021-01-20 01:54:46,lstanden2j,13571772,"Proin leo odio, porttitor id, consequat in, consequat ut, nulla."
62,4,2020-11-05 07:11:58,rphlipon1b,707611,Donec dapibus. Duis at velit eu est congue elementum.
63,4,2020-11-19 12:34:29,fhusband2q,30735315,"Morbi sem mauris, laoreet ut, rhoncus aliquet, pulvinar sed, nisl. Nunc rhoncus dui vel sem."
64,1,2021-08-01 23:19:03,dravenhills2e,18955715,Vivamus vestibulum sagittis sapien.
65,1,2021-07-31 05:42:10,djeandel17,12349663,Curabitur gravida nisi at nibh.
66,4,2021-03-02 20:38:05,bphettis2b,707611,Nunc nisl.
67,5,2020-10-27 12:47:45,spincott1p,18711343,Nulla justo.
68,4,2021-08-13 09:31:50,mtolcher1w,27036536,Quisque ut erat. Curabitur gravida nisi at nibh. In hac habitasse platea dictumst.
69,4,2020-10-09 20:13:03,elettuce2h,18955715,Etiam faucibus cursus urna. Ut tellus.
70,2,2020-12-02 04:16:09,uladson12,18711343,In quis justo. Maecenas rhoncus aliquam lacus. Morbi quis tortor id nulla ultrices aliquet.
71,2,2021-01-06 15:28:01,zgiacomuzzo19,13340336,"Lorem ipsum dolor sit amet, consectetuer adipiscing elit."
72,1,2020-12-29 00:47:03,dfarish28,30128855,In quis justo.
73,3,2021-02-12 12:11:43,adebenedittid,18955715,In sagittis dui vel nisl.
74,5,2021-03-03 21:21:56,mplumtree1h,25742454,In quis justo. Maecenas rhoncus aliquam lacus. Morbi quis tortor id nulla ultrices aliquet.
75,2,2021-01-29 15:25:57,uwinship2i,12349665,In hac habitasse platea dictumst.
76,3,2021-07-21 06:58:48,uwinship2i,23272155,Aliquam erat volutpat. In congue. Etiam justo.
77,4,2021-02-03 20:28:54,lpaschek4,12349663,"Proin leo odio, porttitor id, consequat in, consequat ut, nulla. Sed accumsan felis."
78,4,2021-07-03 04:27:47,danchor2f,23272155,Nullam varius.
79,5,2020-12-29 02:20:00,zgiacomuzzo19,23272155,Curabitur gravida nisi at nibh. In hac habitasse platea dictumst.
80,5,2021-08-23 08:45:54,lohannen1m,30128855,"Proin leo odio, porttitor id, consequat in, consequat ut, nulla. Sed accumsan felis."
81,2,2021-09-11 02:59:31,mkubica1t,30128855,Cras non velit nec nisi vulputate nonummy.
82,1,2021-02-17 21:58:48,mstraker2m,13340336,Morbi a ipsum. Integer a nibh.
83,3,2021-08-08 22:56:45,ycattermole10,18711343,Pellentesque eget nunc. Donec quis orci eget orci vehicula condimentum. Curabitur in libero ut massa volutpat convallis.
84,5,2021-07-05 00:52:14,mtolcher1w,12349665,Nulla tellus. In sagittis dui vel nisl.
85,3,2021-01-10 03:03:39,gmaccaffreyh,13340336,Morbi a ipsum. Integer a nibh. In quis justo.
86,1,2020-12-16 08:02:49,gpele2n,25742454,Morbi porttitor lorem id ligula.
87,5,2020-12-12 05:54:44,jcowdreyx,2168737,Curabitur convallis.
88,2,2021-01-25 18:32:07,smacgebenay1s,25742454,"Fusce lacus purus, aliquet at, feugiat non, pretium quis, lectus. Suspendisse potenti."
89,3,2021-03-19 09:45:36,nclemanceau1c,13571772,Donec posuere metus vitae ipsum. Aliquam non mauris.
90,4,2021-02-10 21:29:49,dalejandre2k,25742454,Aenean lectus.
91,4,2021-03-22 12:49:45,sbaffordw,13340336,"Nam ultrices, libero non mattis pulvinar, nulla pede ullamcorper augue, a suscipit nulla elit ac nulla. Sed vel enim sit amet nunc viverra dapibus."
92,1,2020-12-20 23:13:05,smountjoy2,25742454,"Nam congue, risus semper porta volutpat, quam pede lobortis ligula, sit amet eleifend pede libero quis orci. Nullam molestie nibh in lectus. Pellentesque at nulla."
93,5,2021-03-24 20:04:31,mrobertot7,12349665,Aliquam non mauris.
94,5,2021-01-11 09:57:42,cperfittv,18711343,"Donec diam neque, vestibulum eget, vulputate ut, ultrices vel, augue."
95,2,2020-11-26 00:06:34,smansuer1z,35452242,Suspendisse accumsan tortor quis turpis.
96,5,2020-10-01 13:04:49,mplumtree1h,27036538,Duis aliquam convallis nunc.
97,4,2021-01-08 07:03:43,cobyc,27036536,"Aliquam augue quam, sollicitudin vitae, consectetuer eget, rutrum at, lorem. Integer tincidunt ante vel ipsum."
98,3,2021-01-30 18:10:49,shadeke2p,17405342,Nulla ut erat id mauris vulputate elementum.
99,5,2021-02-11 00:37:09,bavrahamof1v,18955715,Pellentesque ultrices mattis odio. Donec vitae nisi.
100,3,2021-01-15 11:47:40,fcaddies1i,12349665,Aliquam non mauris. Morbi non lectus. Aliquam sit amet diam in magna bibendum imperdiet.
101,3,2021-09-06 16:55:29,rpluthero1x,2168737,"Nam congue, risus semper porta volutpat, quam pede lobortis ligula, sit amet eleifend pede libero quis orci."
102,4,2021-02-28 17:02:38,nclemanceau1c,12349665,Nulla suscipit ligula in lacus. Curabitur at ipsum ac tellus semper interdum.
103,3,2020-12-11 00:55:46,mplumtree1h,12349665,Quisque ut erat. Curabitur gravida nisi at nibh. In hac habitasse platea dictumst.
104,5,2021-09-16 01:31:42,mstraker2m,23272155,Curabitur at ipsum ac tellus semper interdum. Mauris ullamcorper purus sit amet nulla.
105,4,2020-12-31 06:42:53,idoelle26,30735315,Duis aliquam convallis nunc.
106,1,2020-11-05 12:29:39,mcrolla5,12349663,Phasellus sit amet erat. Nulla tempus. Vivamus in felis eu sapien cursus vestibulum.
107,3,2020-12-09 23:22:10,bcuttelar22,27036539,Vivamus vel nulla eget eros elementum pellentesque.
108,3,2020-11-19 02:56:10,lpaschek4,12349663,Nullam varius. Nulla facilisi. Cras non velit nec nisi vulputate nonummy.
109,4,2021-02-02 08:14:02,wosband18,18955715,Aliquam non mauris.
110,3,2021-07-03 04:08:45,skorejs23,25742454,Aenean auctor gravida sem. Praesent id massa id nisl venenatis lacinia. Aenean sit amet justo.
111,1,2020-11-07 04:45:35,jsindallr,23272155,Aliquam quis turpis eget elit sodales scelerisque.
112,1,2020-10-23 02:19:10,nbeneytoj,11827783,"Mauris ullamcorper purus sit amet nulla. Quisque arcu libero, rutrum ac, lobortis vel, dapibus at, diam. Nam tristique tortor eu pede."
113,2,2021-01-02 10:26:31,dfarish28,18955715,Morbi non quam nec dui luctus rutrum. Nulla tellus.
114,2,2021-03-04 06:03:11,idoelle26,25742454,"Mauris enim leo, rhoncus sed, vestibulum sit amet, cursus id, turpis."
115,3,2021-07-01 01:51:45,lstanden2j,27036536,Donec quis orci eget orci vehicula condimentum.
116,2,2020-10-29 23:00:57,cpetican1n,35452242,"Nam congue, risus semper porta volutpat, quam pede lobortis ligula, sit amet eleifend pede libero quis orci. Nullam molestie nibh in lectus."
117,1,2020-10-21 00:55:30,aizats,30735315,"Duis ac nibh. Fusce lacus purus, aliquet at, feugiat non, pretium quis, lectus."
118,1,2021-03-04 21:45:37,ldewinge,18711343,"In blandit ultrices enim. Lorem ipsum dolor sit amet, consectetuer adipiscing elit. Proin interdum mauris non ligula pellentesque ultrices."
119,3,2021-07-19 14:52:30,sadolfsen25,18711343,Integer a nibh.
120,3,2021-06-07 17:51:49,egipsonf,18711343,Duis consequat dui nec nisi volutpat eleifend.
121,4,2021-07-09 10:22:21,toharneyt,12349663,"Morbi quis tortor id nulla ultrices aliquet. Maecenas leo odio, condimentum id, luctus nec, molestie sed, justo. Pellentesque viverra pede ac diam."
122,1,2020-10-29 15:44:07,dcardoo1f,12349665,Nulla tellus. In sagittis dui vel nisl.
123,5,2021-05-24 06:48:13,abingham16,17405342,"Morbi odio odio, elementum eu, interdum eu, tincidunt in, leo. Maecenas pulvinar lobortis est."
124,5,2021-01-18 09:52:31,bcuttelar22,13340336,"Integer aliquet, massa id lobortis convallis, tortor risus dapibus augue, vel accumsan tellus nisi eu orci. Mauris lacinia sapien quis libero. Nullam sit amet turpis elementum ligula vehicula consequat."
125,5,2021-01-15 20:07:19,toharneyt,23272155,Sed sagittis.
126,4,2021-09-05 01:37:26,bgarrity14,2168737,Morbi non lectus. Aliquam sit amet diam in magna bibendum imperdiet.
127,3,2021-08-28 23:27:11,aescale15,11827783,"Proin leo odio, porttitor id, consequat in, consequat ut, nulla."
128,2,2020-12-28 17:38:17,hblackwood24,27036536,"Vestibulum ac est lacinia nisi venenatis tristique. Fusce congue, diam id ornare imperdiet, sapien urna pretium nisl, ut volutpat sapien arcu sed augue."
129,5,2020-12-27 14:50:03,jfancourt1g,25742454,"Quisque erat eros, viverra eget, congue eget, semper rutrum, nulla."
130,2,2021-05-09 08:01:38,uladson12,707611,Donec posuere metus vitae ipsum.
131,5,2020-11-05 23:16:44,iglaysher9,13571772,"Phasellus id sapien in sapien iaculis congue. Vivamus metus arcu, adipiscing molestie, hendrerit at, vulputate vitae, nisl. Aenean lectus."
132,5,2021-06-05 16:14:47,aescale15,707611,Duis consequat dui nec nisi volutpat eleifend.
133,3,2021-07-15 19:36:35,ycattermole10,2250580,Nulla tellus. In sagittis dui vel nisl. Duis ac nibh.
134,3,2021-05-05 22:09:05,sbaffordw,18711343,Phasellus sit amet erat.
135,2,2021-01-31 07:08:25,dfarish28,13340336,"Proin leo odio, porttitor id, consequat in, consequat ut, nulla. Sed accumsan felis. Ut at dolor quis odio consequat varius."
136,1,2020-11-28 11:44:00,ebrettk,27036538,Nunc rhoncus dui vel sem.
137,2,2021-01-13 09:53:28,mrobertot7,30128855,Nullam molestie nibh in lectus. Pellentesque at nulla.
138,3,2021-04-12 19:20:40,ssinton1u,707611,Sed sagittis.
139,2,2020-11-11 09:36:11,ftinson0,2250580,Duis aliquam convallis nunc. Proin at turpis a pede posuere nonummy.
140,3,2020-11-13 05:12:46,rphlipon1b,25742454,Integer a nibh. In quis justo.
141,1,2021-09-07 01:57:07,rpeeri,12349665,Aenean lectus. Pellentesque eget nunc. Donec quis orci eget orci vehicula condimentum.
142,2,2020-12-04 05:16:37,zshepperd2o,707611,In hac habitasse platea dictumst. Maecenas ut massa quis augue luctus tincidunt.
143,5,2021-09-12 14:50:02,mcrolla5,27036536,"Suspendisse ornare consequat lectus. In est risus, auctor sed, tristique in, tempus sit amet, sem."
144,1,2021-05-05 13:27:59,glilian11,30128855,"Duis bibendum, felis sed interdum venenatis, turpis enim blandit mi, in porttitor pede justo eu massa. Donec dapibus."
145,5,2021-06-05 04:41:37,dgirhard1k,25742454,Nullam molestie nibh in lectus. Pellentesque at nulla. Suspendisse potenti.
146,4,2020-11-23 14:44:56,mcrumlyu,707611,Praesent blandit lacinia erat. Vestibulum sed magna at nunc commodo placerat. Praesent blandit.
147,1,2021-02-17 23:30:16,glilian11,25742454,"Nulla neque libero, convallis eget, eleifend luctus, ultricies eu, nibh."
148,5,2021-02-17 04:36:08,hminchell2l,30735315,Aliquam non mauris. Morbi non lectus.
149,1,2020-12-31 06:42:14,fleguay1,30735315,"Vivamus vel nulla eget eros elementum pellentesque. Quisque porta volutpat erat. Quisque erat eros, viverra eget, congue eget, semper rutrum, nulla."
150,2,2021-01-10 07:31:01,jfancourt1g,12349663,Vivamus vel nulla eget eros elementum pellentesque.
151,2,2020-09-19 15:50:16,nbeneytoj,17405342,Praesent id massa id nisl venenatis lacinia.
152,1,2020-10-05 04:41:47,bwickes1r,30735315,"Morbi quis tortor id nulla ultrices aliquet. Maecenas leo odio, condimentum id, luctus nec, molestie sed, justo. Pellentesque viverra pede ac diam."
153,5,2020-12-19 18:13:59,lpaschek4,707611,Vivamus tortor. Duis mattis egestas metus. Aenean fermentum.
154,5,2021-04-17 19:09:07,dfarish28,25742454,Proin eu mi. Nulla ac enim.
155,3,2021-05-27 13:14:37,lpaschek4,30128855,Etiam vel augue.
156,2,2021-06-29 18:09:08,smacgebenay1s,13340336,"Lorem ipsum dolor sit amet, consectetuer adipiscing elit. Proin risus. Praesent lectus."
157,1,2021-04-19 18:16:37,lpaschek4,23272155,"Fusce lacus purus, aliquet at, feugiat non, pretium quis, lectus. Suspendisse potenti. In eleifend quam a odio."
158,1,2021-04-23 04:00:04,hblackwood24,30735315,Morbi quis tortor id nulla ultrices aliquet.
159,5,2020-12-29 14:17:29,bmacconneelyb,27036536,Suspendisse potenti. Nullam porttitor lacus at turpis. Donec posuere metus vitae ipsum.
160,5,2021-04-21 12:03:06,ltemple1o,27036537,"Sed sagittis. Nam congue, risus semper porta volutpat, quam pede lobortis ligula, sit amet eleifend pede libero quis orci. Nullam molestie nibh in lectus."
161,2,2020-10-25 10:09:09,bwickes1r,17405342,Etiam vel augue.
162,5,2021-02-19 07:49:50,rhehl3,18711343,"Nam ultrices, libero non mattis pulvinar, nulla pede ullamcorper augue, a suscipit nulla elit ac nulla. Sed vel enim sit amet nunc viverra dapibus. Nulla suscipit ligula in lacus."
163,3,2021-04-23 16:02:23,cobyc,27036536,"Donec odio justo, sollicitudin ut, suscipit a, feugiat et, eros. Vestibulum ac est lacinia nisi venenatis tristique. Fusce congue, diam id ornare imperdiet, sapien urna pretium nisl, ut volutpat sapien arcu sed augue."
164,5,2021-01-26 05:56:06,rchalcot1y,2168737,Etiam pretium iaculis justo.
165,4,2021-05-11 19:36:52,rpluthero1x,35452242,"Aliquam augue quam, sollicitudin vitae, consectetuer eget, rutrum at, lorem."
166,4,2021-06-02 04:16:25,bavrahamof1v,13571772,Aliquam quis turpis eget elit sodales scelerisque. Mauris sit amet eros. Suspendisse accumsan tortor quis turpis.
167,3,2021-02-11 10:54:12,cconradie20,27036536,In quis justo. Maecenas rhoncus aliquam lacus. Morbi quis tortor id nulla ultrices aliquet.
168,1,2021-06-04 02:25:49,hminchell2l,12349665,In hac habitasse platea dictumst. Etiam faucibus cursus urna.
169,4,2020-11-08 18:28:25,rphlipon1b,27036536,"Aenean fermentum. Donec ut mauris eget massa tempor convallis. Nulla neque libero, convallis eget, eleifend luctus, ultricies eu, nibh."
170,1,2021-01-12 12:49:23,mrobertot7,2168737,Aliquam non mauris. Morbi non lectus.
171,1,2021-01-24 05:46:48,idoelle26,707611,"Vestibulum ante ipsum primis in faucibus orci luctus et ultrices posuere cubilia Curae; Donec pharetra, magna vestibulum aliquet ultrices, erat tortor sollicitudin mi, sit amet lobortis sapien sapien non mi."
172,2,2020-10-27 10:54:21,rpluthero1x,27036538,Nunc purus. Phasellus in felis.
173,4,2021-07-15 03:48:29,cmcginly27,17405342,In hac habitasse platea dictumst.
174,3,2021-06-09 04:41:32,lstanden2j,18711343,"Donec odio justo, sollicitudin ut, suscipit a, feugiat et, eros."
175,5,2021-08-20 02:43:21,mtolcher1w,23272155,Nulla ut erat id mauris vulputate elementum. Nullam varius.
176,1,2021-06-17 04:23:56,cbramally,25742454,"Donec odio justo, sollicitudin ut, suscipit a, feugiat et, eros. Vestibulum ac est lacinia nisi venenatis tristique."
177,3,2020-10-27 01:02:59,cmcginly27,27036537,Morbi a ipsum.
178,4,2021-03-07 13:11:02,jsindallr,11827783,"Aenean fermentum. Donec ut mauris eget massa tempor convallis. Nulla neque libero, convallis eget, eleifend luctus, ultricies eu, nibh."
179,2,2021-03-19 08:27:39,ezolinin,30128855,"Sed sagittis. Nam congue, risus semper porta volutpat, quam pede lobortis ligula, sit amet eleifend pede libero quis orci. Nullam molestie nibh in lectus."
180,5,2020-11-26 21:45:02,gmaccaffreyh,23272155,Aenean auctor gravida sem. Praesent id massa id nisl venenatis lacinia.
181,5,2021-07-15 01:46:55,vpittock2g,30735315,Suspendisse accumsan tortor quis turpis.
182,1,2021-03-27 12:07:23,jsindallr,2168737,"Fusce lacus purus, aliquet at, feugiat non, pretium quis, lectus."
183,2,2020-11-04 21:24:28,bgarrity14,27036536,"Nunc nisl. Duis bibendum, felis sed interdum venenatis, turpis enim blandit mi, in porttitor pede justo eu massa. Donec dapibus."
184,4,2020-12-31 19:40:44,lohannen1m,2250580,"Vivamus metus arcu, adipiscing molestie, hendrerit at, vulputate vitae, nisl."
185,4,2021-07-14 06:47:57,apopel,13340336,"Duis at velit eu est congue elementum. In hac habitasse platea dictumst. Morbi vestibulum, velit id pretium iaculis, diam erat fermentum justo, nec condimentum neque sapien placerat ante."
186,3,2020-10-23 07:49:59,bcuttelar22,2168737,Vestibulum ante ipsum primis in faucibus orci luctus et ultrices posuere cubilia Curae; Duis faucibus accumsan odio.
187,2,2021-03-31 12:54:20,smountjoy2,12349663,"Cum sociis natoque penatibus et magnis dis parturient montes, nascetur ridiculus mus."
188,4,2021-06-07 20:49:10,cskully6,27036538,Suspendisse ornare consequat lectus.
189,3,2021-05-18 17:13:33,egipsonf,27036536,"Nullam orci pede, venenatis non, sodales sed, tincidunt eu, felis. Fusce posuere felis sed lacus."
190,3,2021-02-28 23:22:44,skorejs23,30735315,"Duis at velit eu est congue elementum. In hac habitasse platea dictumst. Morbi vestibulum, velit id pretium iaculis, diam erat fermentum justo, nec condimentum neque sapien placerat ante."
191,1,2021-07-01 12:45:41,bphettis2b,23272155,Curabitur at ipsum ac tellus semper interdum. Mauris ullamcorper purus sit amet nulla.
192,3,2021-05-16 09:53:49,zgiacomuzzo19,2168737,Praesent blandit lacinia erat. Vestibulum sed magna at nunc commodo placerat. Praesent blandit.
193,4,2021-07-11 22:24:00,nclemanceau1c,13571772,"Nullam orci pede, venenatis non, sodales sed, tincidunt eu, felis."
194,2,2021-05-18 22:57:14,aescale15,707611,"Donec ut mauris eget massa tempor convallis. Nulla neque libero, convallis eget, eleifend luctus, ultricies eu, nibh."
195,1,2021-09-07 16:52:50,gpele2n,27036539,Ut at dolor quis odio consequat varius.
196,3,2020-10-03 03:37:31,lstanden2j,25742454,"Aliquam sit amet diam in magna bibendum imperdiet. Nullam orci pede, venenatis non, sodales sed, tincidunt eu, felis."
197,4,2021-05-31 08:07:26,cpetican1n,27036538,"Suspendisse ornare consequat lectus. In est risus, auctor sed, tristique in, tempus sit amet, sem."
198,4,2021-01-24 22:45:35,adebenedittid,35452242,Quisque ut erat. Curabitur gravida nisi at nibh.
199,5,2021-08-23 11:27:04,fleguay1,30735315,"In est risus, auctor sed, tristique in, tempus sit amet, sem. Fusce consequat. Nulla nisl."
200,5,2021-07-16 11:48:08,nbeneytoj,2250580,Morbi non lectus.
